                  epoch,             train/loss,  metrics/accuracy_top1,  metrics/accuracy_top5,               val/loss,                 lr/pg0,                 lr/pg1,                 lr/pg2
                      1,                0.73388,                0.92527,                      1,                0.85286,             0.00023671,             0.00023671,             0.00023671
                      2,                0.28554,                0.91993,                      1,                0.84536,             0.00031806,             0.00031806,             0.00031806
                      3,                0.21981,                0.91637,                      1,                0.81763,             0.00024232,             0.00024232,             0.00024232
